RMS,Kurtosis,Skewness,Peak2Peak,label
0.012483570765056164,2.6614191442439443,0.04900455651582895,0.04572582781356159,Normal
0.009308678494144077,3.4875598667088754,0.4007985977165377,0.05399355436586002,Normal
0.013238442690503463,2.9264713092489307,-0.43019396167860247,0.04924633682912769,Normal
0.017615149282040127,2.5872514016037442,0.31830137038449235,0.040596303699201745,Normal
0.008829233126383321,2.839307079173503,0.3492170384995258,0.033530632222944265,Normal
0.008829315215254097,3.2064657271378123,-0.3146780464816299,0.0469822331361359,Normal
0.01789606407753696,2.7181377235980126,0.031462481183930247,0.0439348538542175,Normal
0.013837173645764544,2.588889802216784,0.025711826800841706,0.048951932200277326,Normal
0.007652628070325239,3.121843605745956,-0.18150233894356424,0.0463517180168197,Normal
0.012712800217929823,3.1224832855543614,-0.05556333751817508,0.05049552715319335,Normal
0.007682911535937689,2.746528412314435,-0.12211516909316575,0.03464764788439432,Normal
0.007671351232148716,2.7644808471908386,0.4504540886847246,0.05317394065634326,Normal
0.01120981135783017,3.116024968678818,0.28713567862949224,0.041975996046923994,Normal
0.00043359877671101006,2.275957829251338,0.3543110189988318,0.060752608726252655,Normal
0.0013754108374348355,2.296268112811722,0.24433441280864704,0.03310812181910432,Normal
0.007188562353795136,2.640777889373782,-0.12581035424344586,0.05735963803165249,Normal
0.004935844398327881,2.8932764241440765,-0.004904053255954735,0.04197910783462648,Normal
0.01157123666297637,3.155453782799002,0.19787491224558362,0.033485819963855516,Normal
0.005459879622393945,3.737678108474776,-0.14442556177838908,0.03516114165945679,Normal
0.0029384814933235423,3.42882981160101,0.24259968603447762,0.0367965269180568,Normal
0.017328243844607773,2.9200307350182864,0.051934920368372994,0.044241659464019166,Normal
0.008871118497567321,2.9904918960486557,0.025035838490080495,0.045228354880354996,Normal
0.01033764102343962,2.4987353176810956,0.24219199364069832,0.03426299996061421,Normal
0.0028762590689327162,2.990743432003805,0.18885266229720796,0.039756454077390174,Normal
0.007278086377374086,2.855670680539931,0.02780676683618402,0.061422703586118635,Normal
0.01055461294854933,3.161359280169045,0.3318659606728496,0.057275431701007115,Normal
0.004245032112888486,2.5863845282238387,-0.11621266551997947,0.04436323669674032,Normal
0.01187849009172836,3.259673257120586,0.22318712138885277,0.040380034781682006,Normal
0.0069968065504059755,3.766369456501289,0.21862025159367676,0.04120031326718261,Normal
0.008541531251033616,2.945619925771571,0.03809071213720194,0.04613517972730417,Normal
0.006991466938853016,3.2008558610494706,0.1652266044484236,0.029772074348015945,Normal
0.01926139092254469,3.345071995855556,-0.15022271527706058,0.03742623462576655,Normal
0.00993251387631033,2.7993897640570817,0.2848054038413802,0.023314159261224106,Normal
0.004711445355220499,3.1120462409052085,0.0630195727114022,0.043992231226052794,Normal
0.014112724560515946,3.0062962003908975,-0.0045446041038079005,0.04647195939702741,Normal
0.003895781750144889,3.048838049274416,0.30980184516737785,0.03516813537700626,Normal
0.011044317975023777,2.6134951080722666,-0.04086873810855185,0.05573986763290033,Normal
0.00020164938060112172,3.0122550871294713,-0.18169225927271196,0.027742343369976587,Normal
0.0033590697555078474,3.248999145622725,-0.21132583470478075,0.0253562511979018,Normal
0.010984306179345617,3.725571803897521,0.22120199026912793,0.042244518185599725,Normal
0.013692332899977053,3.4796354130426033,-0.15608587049925662,0.050470983026121546,Normal
0.010856841405949853,4.076591228755778,0.45095883639687295,0.056839276914578685,Normal
0.009421758588058798,2.616326218555975,-0.3163858815767444,0.0354111573713106,Normal
0.008494481522053557,3.436160318360339,0.4392912736580077,0.050786808334312955,Normal
0.002607390048162863,3.091671002869176,0.1422034934405237,0.03961491530499293,Normal
0.006400778958026457,4.094901466608836,0.08065737762592153,0.038273727000591805,Normal
0.007696806145201063,2.595850857322424,-0.00898381736178995,0.04883659937486672,Normal
0.015285611131094579,2.580139078909612,0.1798272228704142,0.046523228784134195,Normal
0.011718091447842307,2.700303677277989,0.09247305951503033,0.024236078430157508,Normal
0.0011847992231863308,1.9380521378450966,0.3206603764033043,0.05476540349725896,Normal
0.011620419846973975,2.7371224891596193,0.12284552973240793,0.05380091354147452,Normal
0.008074588597918417,2.620433669223151,0.13006035229237553,0.03374437298490471,Normal
0.006615389998470207,3.075196893238104,0.027277557557228826,0.04395803533437409,Normal
0.013058381444204339,3.1708779878885798,0.08861087525578651,0.04494030186282739,Normal
0.015154997612479754,3.938085419607943,0.16156035377841185,0.04260673765823907,Normal
0.014656400595580994,3.475211919093025,-0.24203367853132515,0.0344969484615458,Normal
0.005803912383886807,2.7115481721687984,-0.1696370844211426,0.03328376632061948,Normal
0.008453938120743926,2.550792664325821,0.248652818804543,0.03974445929008555,Normal
0.01165631715701782,3.245959585753253,0.13417308762558838,0.051727290192593645,Normal
0.014877725635611797,2.339883396489679,0.06320333272946418,0.04543600154594432,Normal
0.007604128810773551,3.915729382927177,0.10368678661307863,0.03629385667913894,Normal
0.009071705116680914,3.5897200603606434,0.1695163410723342,0.04771698710648345,Normal
0.004468325129969859,2.765412173947648,-0.007951936061872306,0.011514573793699245,Normal
0.004018966879596646,2.143432735454561,-0.05566094508046254,0.05148765700372104,Normal
0.014062629111970992,3.676936187082706,0.1391690510195363,0.022602862212219004,Normal
0.016781200142854114,2.942730077373691,-0.09567455552300641,0.036375590585968676,Normal
0.009639949392098331,3.618908155986731,0.18165055114289438,0.028803301053738562,Normal
0.015017664489460122,2.2027861706028165,-0.24051672084756812,0.02705318524279094,Normal
0.01180818012523817,2.700312488523114,0.30583112746512875,0.051608267873785196,Normal
0.006774401226974379,3.0026218498590915,0.1945194964826086,0.03532298798688109,Normal
0.01180697802754207,3.023490296882371,0.15120594686277514,0.04346503881730716,Normal
0.017690182832329846,2.774967264260378,0.29653819678910276,0.03953079421120816,Normal
0.009820869804450242,3.3114249661737496,0.43309488889251535,0.044770408272231214,Normal
0.017823218279070033,2.466189785308703,0.3028740130036261,0.040768218910602554,Normal
-0.0030987255204487224,2.9288102574893533,-0.26817484626632904,0.027170077758114305,Normal
0.01410951252187612,3.0601478158559496,-0.1559153933471403,0.0499626681944714,Normal
0.010435235341190856,3.2572194170293747,-0.02496371553913576,0.03506243416838688,Normal
0.008504963247670663,3.355807439044445,0.10521821004216676,0.02443418101340249,Normal
0.010458803882677512,2.4376789540810653,0.20353180409382463,0.035718848390340875,Normal
6.215542699553565e-05,2.232942914632189,-0.04514876263069312,0.05500759790634311,Normal
0.00890164056081244,3.6388384109492544,0.13735335289541567,0.04850221742113493,Normal
0.011785562857558732,3.166157005989796,-0.051076586470664515,0.03651347865592141,Normal
0.01738947022370758,2.625756731721723,-0.022303560598389643,0.036507422956815715,Normal
0.007408648908631763,3.7755759877612616,-0.18133221936964447,0.03678364948782618,Normal
0.005957531985534062,3.0578373171464293,-0.08464664922218088,0.060767479835608415,Normal
0.007491214782077317,3.589648592031913,-0.17033692112326673,0.043819354522315536,Normal
0.01457701058851037,3.0337592407050544,-0.09517465059546656,0.0443004164719107,Normal
0.011643755548298423,4.0303739624409936,0.31072835932156795,0.05030283454031842,Normal
0.007351198981164806,3.877670421221602,-0.08987977776638861,0.04238789159026514,Normal
0.012566337165566781,2.8755179257604633,0.6264764129674781,0.03740957854179297,Normal
0.010485387746740201,3.4857854754771775,0.19866358017617786,0.038036501509150215,Normal
0.014843224952664446,3.322687974792574,0.1369672247389748,0.03928398740585936,Normal
0.006489734530613238,3.6843157787661744,-0.07167155603624273,0.039627777634901586,Normal
0.008361689267011158,2.5175382697099478,0.24006197588179828,0.0472762954363698,Normal
0.008039459234339212,3.3430257299992197,-0.015127565247554792,0.040519458858072996,Normal
0.002682425259339407,3.529212243424794,0.1244019629290723,0.047326400772155795,Normal
0.011480601385322881,2.1206302567884427,0.6120169076537589,0.03919283419891418,Normal
0.011305276360899447,2.4083707436671125,0.08078802005507003,0.040786351903160906,Normal
0.010025567283212305,1.9803839111199497,0.32985466525713514,0.020017993154678924,Normal
0.008827064333124265,2.865296582777721,-0.04063528502517749,0.049163276747024816,Normal
0.0029231462897479285,3.358771127897981,0.09300230190060767,0.04346488475897993,Normal
0.007896773386173206,3.751178526048014,0.45416012712710196,0.049980101098596526,Normal
0.008286427417366153,3.037047390209888,-0.02539341155755348,0.011037446218063109,Normal
0.005988613653891905,3.814307772785646,0.4624897115993858,0.060883747047807274,Normal
0.009193571441669955,2.309949270892554,0.2415503870910951,0.03860410371844826,Normal
0.012020254284072692,2.148308780322423,-0.012493355178853527,0.051081828167375165,Normal
0.01943092950605265,2.9722261505516907,0.2264815478111042,0.029600940728744692,Normal
0.010872889064159195,3.192032724469654,0.294510889925346,0.0461277390506257,Normal
0.011287751953613822,2.9836526259529537,0.2243619924434393,0.02946584436826344,Normal
0.009627770421169165,1.9662789499800617,-0.2140449439780913,0.03376231039304195,Normal
0.0004061439235047929,2.955439980243606,-0.04542743516497372,0.05914031353866786,Normal
0.009867430622753916,2.3477652497475736,0.05049627288969905,0.038093175992366536,Normal
0.010301151049705132,3.3348362744150193,0.08511331417999074,0.04217432873179723,Normal
0.02231621056242643,3.183299123048424,0.2241344195101356,0.04870067730688754,Normal
0.009038195176094388,2.530060106836322,0.13554020018665078,0.044956818879726045,Normal
0.011507736711668062,2.743066541331653,-0.16706887174202026,0.04150418905143576,Normal
0.009826441151473783,2.4703932390555243,0.17603957020119265,0.04364961002466226,Normal
0.00415660981190234,2.968660451363414,0.22211714905676463,0.06403415585238276,Normal
0.015714114072575103,3.477571160250619,0.211958089586208,0.03942381202966415,Normal
0.013759665163433871,2.507136976832228,0.3161561451109244,0.04201099046714968,Normal
0.013955159735215234,3.252023257758922,0.2667844309097808,0.050506543960076124,Normal
0.005453062726026306,2.7348711908137795,0.19183601584568735,0.05105525932957984,Normal
0.017013971554680495,2.603563583868828,0.0859668577082706,0.051870303055603806,Normal
0.0029907446860385958,2.946484820022721,-0.23219218670319827,0.046387302220291846,Normal
0.012934285469001352,2.482378838790313,0.1859236438265172,0.028569950872695163,Normal
0.020952278129049894,2.723175347326409,0.14153753743262223,0.05633431532301096,Normal
0.005047318374346558,2.401061053705576,0.1543157674390747,0.02853654606981312,Normal
0.0071685113519861406,3.9823625664581948,-0.1553497151640619,0.04302635465239033,Normal
0.010498256825438207,3.017631775985864,-0.11621130808165248,0.03245724149980642,Normal
0.007482621729419004,2.650137246003707,0.31063057066658073,0.03935861653407008,Normal
0.002246682844669337,3.106989955367111,0.092088969228669,0.04328762410303481,Normal
0.010342814874030137,2.943835975154585,0.23630013947452488,0.04321357215450273,Normal
0.004688481431369475,2.8895152002333884,0.10566367522609224,0.04421920754235285,Normal
0.01236796215317591,3.3070833500217125,0.10595122789914904,0.05613711269058647,Normal
0.005402878828830985,3.3787538550236524,0.28765676119519956,0.0445353430151398,Normal
0.017749672025087697,2.7347494261947363,-0.003208945643474778,0.03755843364709351,Normal
0.006083733538318815,2.71209087967766,0.11922415538819668,0.04964087168288357,Normal
0.008389692418971622,2.862474151424178,0.007544942258991508,0.051894704889246406,Normal
0.014067586086848348,1.8490394176322076,0.013100754513536886,0.027723921848630075,Normal
0.0038456784178302244,2.242404468900724,0.038165575306272126,0.04597400069849858,Normal
0.011137299673020648,3.6834371337222622,0.14442675432674257,0.04701172742310898,Normal
0.016535713771412143,3.822483856750642,0.004250275667304543,0.03702436496640008,Normal
0.0019625838271938624,2.875481980221811,0.3511512251147042,0.0537570681331162,Normal
0.010923169292661522,3.2882784815278834,-0.07892146044390078,0.03849944412967474,Normal
0.011299413971242117,3.155625077271768,0.06262567116772819,0.041255764534715425,Normal
0.013909114358886553,4.539440404227619,0.012053788345165017,0.03826928175716131,Normal
0.0038152464456095905,3.5597874557172884,0.38939557687074655,0.040155790475814676,Normal
0.0033977169345786188,2.9360412042596167,0.13931095530231494,0.029037249131047983,Normal
0.012609707828084488,2.5222297796997872,0.30636890789372695,0.025599491174057055,Normal
0.01148492336616593,2.1967768398712137,-0.1971120746073944,0.05594505063224972,Normal
0.011252464251729382,3.1017318179336115,0.15341005317385178,0.03153038651681672,Normal
0.011732241047484878,2.6218246273578485,0.27792615912468743,0.030086076505436928,Normal
0.006599876392107546,2.288873145201163,0.11645679785508484,0.018466098863962853,Normal
0.011161268485805018,2.676713557878737,0.31309607501307024,0.03361038252310498,Normal
0.011465362366493407,2.4592259981928026,-0.0034576900200744276,0.02676910206592502,Normal
0.006428242909868161,3.8435708175362824,0.38186948803711596,0.0564201516013637,Normal
0.019328872555723783,3.4408198784747253,0.5597796247238501,0.050098170893426344,Normal
0.012369164604558938,2.9960136793416914,0.027432287912068185,0.03311849654822276,Normal
0.004043482513986757,3.739972069445013,0.010899495719845637,0.06252435805344309,Normal
0.01328276804316915,3.038684153823809,0.3906768954235402,0.04981765486991595,Normal
0.0051265916488633925,2.569357899335868,0.4159144291461425,0.036751686164913776,Normal
0.01393542301871226,3.7615620386348287,-0.004572005430653656,0.015005942851264269,Normal
0.01579297789503702,3.2694550218423295,0.015962636580828554,0.06290942572590742,Normal
0.005896588408241448,2.481376922836772,0.04364307822789856,0.026104275332364042,Normal
0.014816880646221608,2.9048306609581958,-0.16889010220685544,0.023546012530431083,Normal
0.012063904634682491,2.5621908733076215,-0.08373038929683965,0.050225704320096404,Normal
0.01411030079997245,2.3086001345178317,-0.10082815335041359,0.06439752406339273,Normal
0.019483964913269737,3.4630887737658207,-0.053559513020825705,0.05384272818510518,Normal
0.008773059419985648,3.9547083202350652,0.09306302252264377,0.0456390912005236,Normal
0.006231319178212552,2.3007162130904293,0.14684294650730417,0.04594754341665286,Normal
0.005552427851872384,3.2814846183452855,0.4101000985628154,0.04853415558780308,Normal
0.005920948575172808,2.6746787154390868,-0.0996708081477582,0.04758928589786765,Normal
0.00961449145292948,2.756437308117652,0.29686447969531676,0.04281191423969376,Normal
0.01170575987408322,2.7038030378805655,0.05720223115489821,0.04104201103951876,Normal
0.011383453996650096,2.568004615160092,0.09010725806951342,0.039374068721004775,Normal
0.01413591624518012,3.0242608139724134,0.23496389843332077,0.03246035411133324,Normal
0.010065009459389535,2.584524941794481,-0.12454440431245972,0.03719324923133226,Normal
0.017267670385786586,3.1352284128899193,0.17648194923681013,0.023070431858046147,Normal
0.00867671583381022,2.9748809452754315,0.13329044164261122,0.0390166037320525,Normal
0.023600845832948095,2.880525976566795,0.19849025280162982,0.030114088928490827,Normal
0.013128336738825032,2.546218168979201,0.15783372878156363,0.02896410682784229,Normal
0.0057142122179185875,2.7116143347158337,0.5910600279821788,0.041798941511534786,Normal
0.0046455375096944385,3.377695612912878,-0.027547996850263184,0.05392002286344599,Normal
0.012412362076215927,3.2504585938121906,-0.006199391000363527,0.04918316606002313,Normal
0.008882686073370746,2.5112223776007245,-0.024628105284952878,0.02429499396376823,Normal
0.01357000247046046,3.0496661527146127,-0.011095423832050935,0.030103718634296624,Normal
0.012366188122867725,3.3756935616858943,-0.02747742546130355,0.04940771187988216,Normal
0.009635855436715636,2.165297359439314,0.33780330622151034,0.030175126064616906,Normal
0.0057660314096579755,3.2716800961899675,0.384100849597971,0.03775366850002976,Normal
0.002425763876570677,2.6686881205270767,-0.014149258749895255,0.04550052099024552,Normal
0.007767425239664895,3.2852993342965795,-0.06647111462084573,0.03031655545136365,Normal
0.014281993971617363,2.6183704217287413,0.19428311127728082,0.0410537550614596,Normal
0.01107046872065102,2.0975589496677403,-0.010444608856194249,0.026659745050817956,Normal
0.00377130610644006,2.1862287810584187,0.22658636355110218,0.03398632356048786,Normal
0.01086590462925591,3.024042473330691,0.14058460417025995,0.04319781934142537,Normal
0.011926586898644185,3.129861250860741,-0.2031488229994464,0.024070062664683308,Normal
0.005580712818994335,2.5478416874477956,0.4095010402660123,0.04440474737960399,Normal
0.01076862552972764,3.319296229388687,0.4591755346191043,0.03980362201073319,Normal
0.01029104359223,2.16923996886552,-0.02255773809687725,0.04552489954417148,Normal
0.004285148510846885,2.9669601006763417,0.022459688012803167,0.042239141340646616,Normal
0.011788936801741416,2.394491900118772,0.157173078144981,0.053641404299738446,Normal
0.012803922631841172,2.6740819460989202,0.166891357997405,0.041252245026479076,Normal
0.015415256215876385,3.023699335658207,0.2317088545345661,0.03570594458874747,Normal
0.015269010260174515,2.5697933173580236,0.5020409077532699,0.041222975030322836,Normal
0.0031116531602145446,2.8077222278850873,0.06461055450119013,0.045432980290363884,Normal
0.005310874800424386,3.5031464046072203,-0.05965944890769076,0.04048860070325704,Normal
0.0125751763360433,2.711554065238426,-0.17586384560290544,0.040405916912038826,Normal
0.012568929754561045,3.417846056032571,-0.04618600798838382,0.032980083121932444,Normal
0.01257523843153024,2.435146572671191,0.09337460542524059,0.03337099082449052,Normal
0.029263657453273605,3.2649020889576414,0.45891157270355754,0.025973947282003064,Normal
0.012854452553465835,3.72078431032895,-0.0035222598072342792,0.05749576743186939,Normal
0.015677828200902993,1.7641777499363553,0.1447575903277797,0.027561367646087152,Normal
0.014770008817466013,2.6015523722647615,0.09671542078544959,0.03307094802204093,Normal
0.01325695625652899,3.28853606359027,0.3376786546896168,0.03281592734430803,Normal
0.008423653776798271,2.8984773069785037,0.6053864851747244,0.048949243769444414,Normal
0.013794846102466337,3.1855729366856544,-0.006173754584064134,0.03705050321707972,Normal
0.006135873927312141,2.69800740664209,0.0021121114963555676,0.05247742072673734,Normal
0.008815906966299955,3.04329489373645,0.3088321754138144,0.033265093757561315,Normal
0.007573182260854483,2.92216138230396,0.2363782979252623,0.04278994162223802,Normal
0.010409370696931613,3.5838910308299035,0.46934146514720676,0.03164652946740243,Normal
0.021573292833367542,3.1272104216506067,0.2167856370651928,0.06145149127773389,Normal
0.0006636740370412602,3.168801331037601,0.028141581842588095,0.028124015809704875,Normal
0.013431300951872567,2.794061516938766,0.21813096613846186,0.043098207102270275,Normal
0.001936420644051742,2.7561968879637533,0.32174071611658156,0.04633776880932099,Normal
0.007640340671052833,2.7837209060901897,0.2640964362394728,0.044137990974514985,Normal
0.015444752984836831,3.1972260711891485,0.20145480622145956,0.038147123411222915,Normal
0.010321400095477313,2.7895077595898687,0.3133349379178308,0.03870179300266574,Normal
0.0046112761103534695,3.1448874284482065,0.3338591180891346,0.0404381147197911,Normal
0.006423481453700159,4.03770039932272,0.3764317982075055,0.038529979983715115,Normal
0.01339798874467338,3.4355623517158462,0.22974197751792855,0.0496387911679491,Normal
0.006348166841414317,2.8369882339160792,0.06657638393662912,0.06210523001591352,Normal
0.011082292947909874,3.600606961081972,0.12934273728666457,0.03442508214992167,Normal
0.010227859199519069,2.795962313489224,0.3413017933016714,0.02630197020420922,Normal
0.0067419982619709145,1.980937732411073,-0.06338713419744721,0.03911717951648745,Normal
0.02071972044662663,2.495956844541298,0.17373466177458025,0.06579709337654319,Normal
0.013169595111590056,2.0646040394870724,0.02133223753452787,0.03196325432030269,Normal
-0.00012571293328803544,2.8242432579793455,0.1057489645869635,0.05639116805444068,Normal
0.010932271573847139,3.0092091895947757,0.35569037252145974,0.056777008140764404,Normal
0.00669106767615806,3.8382186561376415,0.13821981360398067,0.034464117582920055,Normal
0.01426216667398112,3.163463686882081,0.10928730963122976,0.04568983079185275,Normal
0.006037396307836497,2.890449735595568,-0.17197122819598384,0.056283966231285384,Normal
0.009426317792665504,3.4147027905917446,0.24925071320544415,0.03620872259012513,Normal
0.012524936394902287,1.8944323454960574,0.22909683622821508,0.037964196398976385,Normal
0.014328775970850607,3.117807279054283,0.5326509446610921,0.034183190860513565,Normal
0.003998517964721119,3.3854325969434833,0.038444353009399836,0.02985243269307133,Normal
0.008327493820795258,2.260706877110079,0.1438300655327878,0.03350722454933993,Normal
0.007625273444195219,3.5718770216034645,0.14987673674215107,0.027760597332377436,Normal
0.006733353837131441,3.169248203747207,0.41549065595269485,0.04034083468259226,Normal
0.018827271201405486,2.7923560430495993,0.08094089352260958,0.03230026768941358,Normal
0.012024908554804778,3.3163909330531425,0.15580430515406785,0.04233785911790748,Normal
0.0036955802283247744,4.1353464289021975,0.22157930194330785,0.024441043537963728,Normal
0.014589309735273882,3.0909331275292478,0.13732182463127163,0.04330880232214457,Normal
0.020610780985063165,3.124110293150168,0.010713277089894349,0.048335289616089246,Normal
0.015162326302755734,2.770319550229878,0.13881799857966154,0.020062643574285447,Normal
0.002403150170229933,2.575077815267604,0.3147263499719544,0.043740565698475724,Normal
0.007578829635668744,3.4151679082721227,-0.10530305988221206,0.05227668992473292,Normal
0.016334555745933114,2.5719580870455663,0.1265939348293752,0.027903589813087944,Normal
0.006461652671906097,3.035783118609696,-0.04002416298783465,0.056725723868377036,Normal
0.012219097140731142,2.761171276617442,0.3390093257849685,0.04419019009366045,Normal
0.013873170267146684,3.239489912873196,-0.20463738095675496,0.03294988144241591,Normal
0.0053653476421095855,3.166831052643474,-0.01178436945431767,0.03944230922342294,Normal
0.009702373219691,3.5187699721289496,0.1754423750129042,0.04558326912521722,Normal
-0.006206336700345363,2.7449918005726266,0.41310480584686815,0.040760053914124114,Normal
0.004878061793328551,2.8650625323533143,0.08684994778540245,0.045387559924463694,Normal
0.008737159243034198,2.5106181421088465,-0.011039905338639674,0.030793264069206336,Normal
0.0037610840901757528,2.777853369961944,0.47623141388811807,0.04169360824036078,Normal
0.018162056519658177,3.188650246522426,-0.1896027800832488,0.025862855030950198,Normal
0.002849293110196837,3.3784943083226757,-0.3397611913240164,0.038887739386513,Normal
0.007799777566515081,2.538917337911187,0.1880028900106665,0.0309609235853521,Normal
0.010653702886430458,3.43480296005283,-0.0004108448705222312,0.032644700574102334,Normal
0.01720636644533058,3.6778189294024752,-0.10424656342614266,0.05236093175210438,Normal
0.0028206892441028034,3.2067174516118504,0.24167128945987068,0.05091310120594269,Normal
0.0158158187607748,3.938397906279033,0.14876014275423977,0.046091381209071774,Normal
0.010051165305097936,2.6131054004482133,-0.012815726147345677,0.029076872353274212,Normal
0.005092456744760245,2.3776726483442916,-0.1560608797341789,0.03683591550305198,Normal
0.012310517371316354,2.110639875547861,0.27449146565602894,0.052130976999791835,Normal
0.01099529847786735,3.7480221557445916,0.2300402355917322,0.04141716913639905,Normal
0.006998915614206027,3.327182828177029,0.08016482724412342,0.06319329539981694,Normal
0.010349010424950095,2.9722076645447726,0.46932739920953315,0.04393317839394372,Normal
0.008073432015691199,3.13998431315991,-0.11401695326523051,0.04192049116490032,Normal
0.01056758672625624,2.4372554763508116,-0.20510503418494777,0.036908835357974984,Normal
0.013310653372605234,4.222875989808413,-0.038381613976248896,0.041335409047822826,Normal
0.01793008408072676,3.0646105909876136,0.09088279672890044,0.03847530163619456,Normal
0.003810922505865755,3.0546973973024465,0.14866788986453838,0.0470810867668859,Normal
0.020665166873281335,3.362883311949346,0.05175278842873403,0.04956702316794584,Normal
0.0002395610023874905,3.240504615868357,0.17041107930285937,0.03214010539492051,Normal
0.009241074524822084,3.111942012139566,-0.1503078848380888,0.02668767046442222,Normal
0.012941586032422884,2.604762772277344,0.38875292081465196,0.021637946268967034,Normal
0.011404959338675164,3.235734178567998,0.08356976432148625,0.045079913269125436,Normal
0.006886502400897032,3.941012248237517,0.3234591663176255,0.028966333938261264,Normal
0.008959388748213623,3.6727100230774887,0.16854506927554083,0.01847109407047517,Normal
0.007534995326705836,3.7965933133196987,0.19135064383075678,0.04388578604530964,Normal
0.007053176215278943,2.7443921617844076,0.21395345604644078,0.0649299951743279,Normal
0.014248010485105125,2.5051975898707095,0.189541712003463,0.03993929088460107,Normal
0.011785077429825238,2.937106539950176,0.22854455197350879,0.04838490774451642,Normal
0.006535452023696729,3.0278624561443475,0.36583050602648626,0.04081829358547565,Normal
0.014497999377166254,3.547095759235474,0.13930423394029404,0.03901110346808857,Normal
0.011536497604383047,2.1537676851425904,0.24180075151770247,0.049190764829877685,Normal
0.014064310594194801,3.764775159730307,0.08205286114255467,0.03709725455811349,Normal
0.013148144209618061,2.9209960507105053,0.38802344308989456,0.04267392314071903,Normal
0.0058550249453896384,2.78655946502629,-0.03527846041185395,0.043216978061960135,Normal
0.007199094799015152,2.493947812369916,0.46018808658216315,0.033319095463569516,Normal
0.01373646802561631,2.1725716640671155,0.09196840987113132,0.049920423495365226,Normal
0.013051851327167324,3.4115852919809573,-0.18615502042360962,0.038250402433045914,Normal
0.009895492030179259,3.0366589835942017,0.12562088298215787,0.032442548405071554,Normal
0.01058663691654391,2.355019550129473,-0.036210331494976156,0.045365098435704035,Normal
0.016388324478942125,2.352460613968192,0.26812870979774484,0.031015320182089627,Normal
0.00704214305582085,2.832107650354936,-0.030524795860478182,0.04028181157369128,Normal
0.01273548690585019,3.8345107626446966,0.010763313357044058,0.039908810033557965,Normal
0.00898903673783053,2.8702043243181974,-0.2779081461891062,0.05085895565831578,Normal
0.008911593983863899,2.248428523440947,0.009538736150184662,0.04474698232879953,Normal
0.01549388425993595,2.8771284679570277,-0.38477586532579133,0.03974973041254856,Normal
0.01412708174494015,2.863638215126165,-0.21678056469714466,0.04817766299200287,Normal
0.014067548180003192,1.6515566785292142,0.2520829312288595,0.05390207549017313,Normal
0.016527394035771647,2.972852566741094,0.25716003173016644,0.04557810306351862,Normal
0.010105019208163795,2.884532734895661,0.18509151235699295,0.040103526198433805,Normal
0.01340976485647482,3.3481031824067093,-0.0933952286258426,0.026881637676498406,Normal
0.00844866621703272,3.9244780474726726,0.09045772877160403,0.029348863369246275,Normal
0.011620831762442212,3.5632825147738787,0.09927949218188632,0.03694775295645333,Normal
0.009349284728161577,2.8655556547225847,-0.13167293783850856,0.03390487797840717,Normal
0.01048497982496359,2.446737045629165,0.40067966035343017,0.03813028697014554,Normal
0.012975785127184569,4.286679901624931,0.2754724581151343,0.04056649924897107,Normal
0.005908896583832638,3.029609217007244,0.055807165234067216,0.04529692754356731,Normal
0.020461936378427303,3.006964645956473,0.10537716779890616,0.039295012219409085,Normal
0.00496991309250149,2.9879374564449983,0.1416765615895105,0.04486501643826202,Normal
0.003929056936061339,3.0990423803839273,-0.3083469736848582,0.0406447441481012,Normal
0.01579055436750034,2.9278197940380286,0.050564523495880614,0.020245334336461286,Normal
0.01395831346981468,2.7131689965598818,-0.036396849599559716,0.03060664606181246,Normal
0.013120599085260776,2.7265705293798037,-0.10032400197898311,0.038559124442783844,Normal
0.0131417275463214,2.9836233648920008,0.04377994142280903,0.027903052571588927,Normal
0.009938766135765427,2.7282876144331176,0.45953730536990456,0.04599928729996205,Normal
0.005513728142570842,2.6435771086614177,0.22816857225340198,0.05530750832343698,Normal
0.010379022790968633,3.0532151138459485,-0.014235797956559354,0.052187618516973164,Normal
0.03786557129069792,6.977131937701118,0.9510799108168708,0.147852022444258,Inner_Fault
0.05490726136849952,6.0006977677050894,0.7765292065580653,0.10446378759957571,Inner_Fault
0.04148667457202112,6.4952250787717825,0.7974465175076856,0.1392891239758017,Inner_Fault
0.036629140288819605,7.840620026504553,0.9566443987853447,0.17671149490559357,Inner_Fault
0.0338659733645906,7.546733568201379,0.7622740237000116,0.16725615048319697,Inner_Fault
0.036975303135118716,6.761067900830306,0.9076115411082879,0.16501997164143628,Inner_Fault
0.03611823181458771,6.6331755881853125,0.4319155999138643,0.1514932106154288,Inner_Fault
0.04170416222375488,6.608241850956178,1.0639881122118815,0.15021189475884528,Inner_Fault
0.04160573981049865,6.077589815501497,1.0003616426086672,0.13019036581579657,Inner_Fault
0.04003046020153415,8.615375689469442,0.7548734106795428,0.17096485260607602,Inner_Fault
0.0443693816974635,6.6776795307886605,1.1977737005297215,0.1626291883316817,Inner_Fault
0.05190646274786341,8.217158520825496,1.2812710412879675,0.16476056543978398,Inner_Fault
0.04949554135441324,8.521316051922451,0.5177320406893078,0.13421895471997258,Inner_Fault
0.025151020315500965,7.9983108981479605,0.7711825664301357,0.08539971240386267,Inner_Fault
0.014460788650980452,6.5683796872819515,0.7692572950638106,0.18291458135261085,Inner_Fault
0.04934319911239274,7.40373009033661,0.7180290696673406,0.13563487631974788,Inner_Fault
0.02633121301584579,6.975804393609084,1.2488424525795245,0.12411672707870638,Inner_Fault
0.03775234598107317,6.096298139269872,0.9418521583681589,0.1708043673574198,Inner_Fault
0.028298869739406405,7.324359281721603,0.9206455476068167,0.1382396208024261,Inner_Fault
0.021980195624199804,5.820960208840198,0.398841290677974,0.18179809152139864,Inner_Fault
0.045414627282047884,8.187679388461564,1.190625409062768,0.16851017848730093,Inner_Fault
0.04759155160302647,6.535382702701607,0.6282224815439583,0.1705070796960143,Inner_Fault
0.03423489599273281,7.201159655872839,1.0179797890798985,0.10902132866398397,Inner_Fault
0.0140895770785509,7.283287871546142,1.0832130813874574,0.18635831956159202,Inner_Fault
0.03453755551747517,6.741095026295922,1.4081975787515952,0.15783751593701567,Inner_Fault
0.04391804005402546,7.586693801475275,0.6073538802642664,0.1389216858226139,Inner_Fault
0.025210884312258715,6.525096343377475,0.09414635325375242,0.15430165402026752,Inner_Fault
0.04183359919779156,7.871297297457244,1.0551548634261085,0.09671294301305039,Inner_Fault
0.03984690150827005,5.6540203197532515,1.5401533544532562,0.16225958434442012,Inner_Fault
0.04579291499601088,7.126379579546412,1.3716839058818313,0.11911885475453785,Inner_Fault
0.04119580368414153,8.938928999058284,1.0628978245823877,0.10941989142469397,Inner_Fault
0.030269310591184446,5.9996686753944255,0.8525091443103858,0.10432922441346326,Inner_Fault
0.05196571501664492,6.322255029475149,1.242136778991193,0.18338065124969774,Inner_Fault
0.0384147042697303,7.513907849658915,0.7079361400886595,0.13112209818921633,Inner_Fault
0.03972695460490068,7.179581781939598,1.1429073308068658,0.19601183129749497,Inner_Fault
0.03066732040926804,7.350630099273559,1.151641047749988,0.13392595610843105,Inner_Fault
0.0355671774880849,7.489187130147664,1.318062972249664,0.0987792612722116,Inner_Fault
0.03115197285973099,7.63472146856177,1.8278980116733234,0.11650426680154022,Inner_Fault
0.038270539400765774,8.109699841956223,1.11772479015363,0.18707434860020816,Inner_Fault
0.05711708480142344,7.409818656928513,0.8473109122877504,0.14532305466189996,Inner_Fault
0.026280988570686437,6.7587423453814575,0.9923277063424016,0.13355138110528197,Inner_Fault
0.02386438602123259,7.672573701202731,0.4692772285332646,0.15480054677558364,Inner_Fault
0.05471170327493609,8.899881934895216,0.7915860606732825,0.16505348208502635,Inner_Fault
0.03790676322848134,6.867366253617426,0.8772152685660688,0.1835219644770738,Inner_Fault
0.03330927261340084,6.025470695329359,0.8427734806196223,0.19345497689678778,Inner_Fault
0.05039904687396077,8.107080669286972,1.0457064616101166,0.13920694062632744,Inner_Fault
0.03394384460263136,6.879618836046402,0.7532740202853399,0.11021856941753885,Inner_Fault
0.05826009713546936,4.827330453985963,1.3363092001973413,0.13759604516630172,Inner_Fault
0.04677925871339269,7.847421677150422,1.000062119475459,0.1578084151974866,Inner_Fault
0.035120885918542975,6.464671814046078,0.9972099036584157,0.12108723221368167,Inner_Fault
0.06157308213265504,6.909466717695839,0.9016315850461246,0.12128547255314871,Inner_Fault
0.033942850769966615,7.3319803305690145,1.0465572051576937,0.16031363644649654,Inner_Fault
0.04742095372009307,7.190499679779067,1.2475294794002905,0.14854042945288645,Inner_Fault
0.04299292580406492,7.70945181713904,0.7398609352867299,0.15098390986234758,Inner_Fault
0.05301741289398798,6.564513629430157,0.802565053277423,0.12724513995899792,Inner_Fault
0.055615111967268524,7.513105798176083,0.9088821913670007,0.14308797857382696,Inner_Fault
0.04032004149065767,6.740453322416083,0.5962387229580355,0.12227300567195086,Inner_Fault
0.03246582129653817,7.738810480887503,0.7542226420835507,0.1767059523337436,Inner_Fault
0.04459972142939116,7.615367484013054,0.8571337379366023,0.18105748004171257,Inner_Fault
0.03322284630247894,6.064561297955405,1.2623167542138183,0.09461436413285718,Inner_Fault
0.060133872475266234,8.085982116175032,1.0787683987005774,0.1221146741942277,Inner_Fault
0.04136535331082738,6.464036554885952,1.0580769734102633,0.10510412234729763,Inner_Fault
0.03634678448687891,7.808057798281145,1.2552693886503916,0.13049928196779303,Inner_Fault
0.04184680305864909,7.367287313401341,0.958788463480181,0.14749686090628916,Inner_Fault
0.026528737104703035,8.838183676795122,1.1171394549786668,0.10651064340904409,Inner_Fault
0.030283859614893487,6.776534017628148,0.9690334741202511,0.1223442056062406,Inner_Fault
0.052004139079444255,6.650683203881803,1.0796087048198886,0.11988127883755503,Inner_Fault
0.033431057210286046,6.980580394112267,0.8251724027165254,0.15621801988196832,Inner_Fault
0.029530890173180606,6.696820217165724,0.26835485251707125,0.1520803301110875,Inner_Fault
0.045366527525272864,7.79994190194205,0.9597162513441088,0.1283478733998824,Inner_Fault
0.05185704154662997,5.383689391563412,1.426824440829982,0.15530462616418195,Inner_Fault
0.047189533106650666,5.946317580853646,1.2778646206724777,0.13359959746238204,Inner_Fault
0.04996047685805816,5.932197078420807,1.2896192453773512,0.1418503466902184,Inner_Fault
0.032432049114305396,7.9503075919735755,1.3708392165418655,0.20020356270895612,Inner_Fault
0.025781893332581563,8.710613372581925,1.0265972772884313,0.19021383155371044,Inner_Fault
0.05501333651955487,6.8955507814625285,1.0591947122216787,0.11101256289217207,Inner_Fault
0.03677320161157864,6.83117827680999,0.814704431369695,0.17489197253637523,Inner_Fault
0.03749166983544953,7.070052163113181,0.905178143191885,0.17434189663474775,Inner_Fault
0.05328194141849058,8.16187830260819,1.1847313449313424,0.11555210133742144,Inner_Fault
0.0455623000940066,6.072646865809426,1.3611653311506449,0.17456332931264582,Inner_Fault
0.04455887772081608,7.2383689827347855,0.9581661172957001,0.19613795755237656,Inner_Fault
0.06165002344901084,7.975197629782429,0.8649432205445765,0.11632365581266757,Inner_Fault
0.03356481769619857,7.5010941699398455,1.0001583876569793,0.12247491536957208,Inner_Fault
0.04927840128081237,7.189581616598743,1.1803620246787345,0.18052984400530506,Inner_Fault
0.040570131248970846,8.00104609256714,0.5668435551599375,0.15814485932476943,Inner_Fault
0.04268592278863257,4.296767707000763,0.3111457140588286,0.1665442882571857,Inner_Fault
0.05528468426412532,7.677875319530908,0.8348389451525249,0.1602176764920149,Inner_Fault
0.045078357562896236,6.345924316872576,0.6337862722257523,0.16172087762784432,Inner_Fault
0.04538296079049633,5.169367103143543,0.8475579407058067,0.11020583615066751,Inner_Fault
0.05072507337309802,7.511202599524981,0.9556659043547585,0.18141953119864346,Inner_Fault
0.036350472704571146,8.373658545162957,0.864025477293096,0.1850876997728332,Inner_Fault
0.03160790332660994,6.862551485372308,1.4357402603412237,0.14311827767795915,Inner_Fault
0.029551908059789665,7.9528745472029385,1.098023429380696,0.14869569150558412,Inner_Fault
0.020336434106239983,8.612278257988645,1.0901423078832484,0.10406677492332833,Inner_Fault
0.06056207129940322,8.314914453584047,1.1866621432130207,0.16542764268053503,Inner_Fault
0.02896791634278317,8.639964529371394,0.6583500646657693,0.1671617232514243,Inner_Fault
0.037787463764142284,7.7421274910718925,1.3117335362260807,0.14813426949002068,Inner_Fault
0.037231867001110794,7.075433638901592,0.977270714039362,0.18373060079611508,Inner_Fault
0.043074066978091005,5.398034188102832,1.2011441851723639,0.13997768307060177,Inner_Fault
0.04815737212539297,6.753937511870052,0.6784428300879534,0.166938177776808,Inner_Fault
0.048604734883597456,6.156753404683808,0.5338723701951807,0.11941006983923652,Inner_Fault
0.034169225614310614,9.170942717497814,1.2453668974075085,0.14929343547377286,Inner_Fault
0.03832878286213588,6.824114187567663,1.112922857829255,0.14476937226291492,Inner_Fault
0.042825799504882994,7.123204806784486,0.7293845336927469,0.15675923766122823,Inner_Fault
0.03751308873816453,7.551485376040468,0.7391010756175918,0.13891419213499923,Inner_Fault
0.056073455760199925,7.043602446372454,1.3376304353244308,0.14605582212984997,Inner_Fault
0.04490974951638251,8.695051040430753,0.6431764321398017,0.1747814151432452,Inner_Fault
0.047348777860498174,6.377350638265548,1.4928018859767889,0.13689707288285347,Inner_Fault
0.046628812686674126,7.194607455237243,0.7298137796056394,0.10180268697783962,Inner_Fault
0.05173473857485325,6.257529414301952,1.1915175776825149,0.20248751712616261,Inner_Fault
0.04181021558703707,5.679977488779294,0.9014144572753047,0.1914436223607146,Inner_Fault
0.027031680520441533,6.388230909094714,1.180956229324703,0.11123211914683143,Inner_Fault
0.04399687951752641,6.962963202951588,0.8367657993657422,0.17069123415735582,Inner_Fault
0.03348643106208171,6.57069777548274,0.9511621281783117,0.13491075688345971,Inner_Fault
0.03471383318250243,6.307579020126144,1.0122757526187163,0.15790461645993178,Inner_Fault
0.04586364018755093,5.593682536328166,0.6993437632655581,0.1588267238704048,Inner_Fault
0.05238283071433636,6.9168944273713056,1.2222473036260377,0.14296776599051034,Inner_Fault
0.040212715767360616,5.4952796259689975,0.8460359300585244,0.1264870300324081,Inner_Fault
0.043088330125989636,7.760055963689602,0.9314200253979944,0.1292837684305122,Inner_Fault
0.05702214944635238,7.082439752934503,0.7016951876174463,0.12251424253556273,Inner_Fault
0.04240753179488568,5.54244850053507,0.23129990236140685,0.12504533375308666,Inner_Fault
0.06601683114180396,6.6907909229501366,0.9426916712199493,0.14798465129851934,Inner_Fault
0.04565509645631544,6.247843594409417,1.7237846264838748,0.12852720032667744,Inner_Fault
0.022392372408441823,7.31917451041918,1.2353812863694071,0.1704615619713786,Inner_Fault
0.04753341621104533,8.340450446023144,0.9942218860796816,0.1946173846600778,Inner_Fault
0.04381158384882778,5.124827530354255,0.9211327512375197,0.1325984027588987,Inner_Fault
0.05289752754082746,7.115026079147417,1.0067397678436139,0.15718213501606132,Inner_Fault
0.04673181351269959,6.83986720443336,1.164135734552563,0.16499055330908802,Inner_Fault
0.03861544016016226,7.671340076450465,0.6457561554073465,0.16416006812757822,Inner_Fault
0.027757017637106342,7.213196628237689,1.3342965084006617,0.1522786580374826,Inner_Fault
0.03790976742713975,6.248030668261181,1.2146143946323733,0.17228047255079165,Inner_Fault
0.031494795457906996,6.680946064333382,1.2154557177123804,0.16446746858041972,Inner_Fault
0.03419476550195277,6.203974143196511,1.1315427216429181,0.11287012733018106,Inner_Fault
0.045885784044206096,8.076007138598598,1.005884997308197,0.1760746819316782,Inner_Fault
0.056699045043514064,7.021311648671942,1.2018583707900459,0.17661872511800225,Inner_Fault
0.04394671529822981,8.901190685753008,1.1775442401224134,0.12710141687464255,Inner_Fault
0.028041169379648158,6.9393391861853795,0.8937877867176929,0.15113813506342805,Inner_Fault
0.044446026682201406,6.291593233089538,0.8279194681309298,0.17049986978433207,Inner_Fault
0.05196631486645651,5.486285607387173,1.030556888578596,0.14372058541261915,Inner_Fault
0.03390217095680618,5.196860323744055,1.464706045448556,0.18218934143298035,Inner_Fault
0.03865982833327082,5.4158640569945105,0.6282678773038297,0.2209161748385808,Inner_Fault
0.04014688194729197,7.267126651011483,0.559742420274268,0.12642041902095053,Inner_Fault
0.0321510168691776,7.508725023229934,1.049428252370955,0.10856866190538675,Inner_Fault
0.04648280433843859,5.418809297967867,1.0152663105568054,0.15911455786814627,Inner_Fault
0.038790518513922186,7.895038314076116,1.0520024993111226,0.1716468751537843,Inner_Fault
0.04419532443907028,6.516938948316561,1.0731859593725501,0.14307400878465693,Inner_Fault
0.031125078221978998,7.146793011985549,0.9330393236095584,0.193597819899631,Inner_Fault
0.0356254169967659,8.612220628255425,1.4469590315806247,0.10984182600830253,Inner_Fault
0.047223813578277714,7.896839315865532,0.5197288064570453,0.17078755869094833,Inner_Fault
0.03627166847908233,6.731469352094168,0.7514508925659262,0.1318241753772332,Inner_Fault
0.05726963851233405,6.1088077745847125,0.9690235719552858,0.2015813371862189,Inner_Fault
0.036003638143853975,4.848184598670695,0.5070433566537498,0.20977546059504354,Inner_Fault
0.04224684725751886,6.28084668075758,0.9472436786703786,0.12700030236649956,Inner_Fault
0.0493259083187309,6.788869761172306,1.4984410497184055,0.13351328592274259,Inner_Fault
0.025816342670669686,6.012820472848816,1.0062659464887886,0.17578763660939406,Inner_Fault
0.022391911880192242,6.8687430329076955,1.0692102717156051,0.13838608050631457,Inner_Fault
0.024743436854299052,7.076851882958768,0.621950570448226,0.14863766346203286,Inner_Fault
0.05262584103427182,6.775144018191922,0.8150915775881568,0.1507616526162723,Inner_Fault
0.03448141854107553,6.349997419176541,0.8874410859028189,0.09240980531407031,Inner_Fault
0.06558199285668252,7.168654671966728,0.9046854709731298,0.14958486761717288,Inner_Fault
0.034357524013426115,7.441940649569409,1.3844931385011305,0.12930816677807477,Inner_Fault
0.04184551303197037,5.9096009225571535,1.1673073182175373,0.13520631532800684,Inner_Fault
0.05542109952567876,8.41093237974627,0.6665626129188904,0.19330896010406443,Inner_Fault
0.06006092888159123,6.901411867715738,1.0739514335296014,0.11230479317162231,Inner_Fault
0.060615035766363984,7.018849622944848,1.1494665245490356,0.17439615560243932,Inner_Fault
0.05208366230593142,7.708214423256557,1.34204471155638,0.14163111209004575,Inner_Fault
0.050240625258114624,7.233216131263502,1.474162205970512,0.14160719494512497,Inner_Fault
0.04592526949201183,7.953136633913245,0.6954717424516395,0.17371115688155134,Inner_Fault
0.04778361076166638,7.287124165201824,0.7567427466368986,0.1602015388370667,Inner_Fault
0.03448814283671467,6.387562625359562,0.6227266423256151,0.16711838991658592,Inner_Fault
0.03181801116577693,7.361503525206102,0.9297940422679056,0.17904553981598584,Inner_Fault
0.03996625542589048,5.856273792679338,1.1399075123339004,0.14006074850450032,Inner_Fault
0.038298153774750716,7.108559705776523,1.2962003549767305,0.1316328979647675,Inner_Fault
0.03546771950672725,6.966770009355539,0.9772146929072432,0.11744548420326606,Inner_Fault
0.04696387447456715,6.79188314272746,0.9040457430235468,0.12523768410063135,Inner_Fault
0.04955305208570511,6.871462488561069,1.0455273976746222,0.23847283275926173,Inner_Fault
0.040884068862918475,5.118150954502361,0.7494571295109931,0.1873403874221036,Inner_Fault
0.05477530081055262,6.4512750922590385,1.626861616508432,0.10946776901375935,Inner_Fault
0.028583108858664948,7.092844901141115,0.5177016918645825,0.11032626129769289,Inner_Fault
0.03806340540720282,7.1598563919974,1.0554221736687173,0.16445598185155474,Inner_Fault
0.03283177679397195,5.972324859074042,1.6070818657688917,0.16641794392133902,Inner_Fault
0.021334633829269402,8.265707840864701,1.0020399533679993,0.16646651505952093,Inner_Fault
0.039173193141573005,6.1338251517855,0.9429882894995517,0.14235132619338906,Inner_Fault
0.03878252491616717,7.969457200526737,0.8927663731568718,0.14623637219991298,Inner_Fault
0.05513449743242131,7.427194361871685,0.9458824954712777,0.1598363857247807,Inner_Fault
0.046308116845547774,6.353772690156197,1.411854542402959,0.1525767901887999,Inner_Fault
0.029758131756707953,8.775310892609513,0.33644142660114795,0.08342098881757394,Inner_Fault
0.05854092566334189,5.80636316824352,1.4600301103888977,0.14310601108274418,Inner_Fault
0.05221033695525353,7.919154173610002,0.5728128542649564,0.12445780697219058,Inner_Fault
0.045820977034686156,8.000582318042978,0.9200043012296756,0.15525634256725535,Inner_Fault
0.03773515901150168,6.329379790923355,0.8712266739104014,0.2395577700781023,Inner_Fault
0.030405607632765203,8.392465300064329,1.176565980931216,0.16102444996422913,Inner_Fault
0.03627793223928947,6.749953485401047,0.5205626944348758,0.14059410941482806,Inner_Fault
0.050887486197041865,7.288693629279857,1.1386517998245829,0.17765404505931756,Inner_Fault
0.058845863059346096,7.260321838771221,1.6072928869860559,0.16448063661627638,Inner_Fault
0.05543243528272189,6.865691258529452,0.591047798622157,0.16260283471355524,Inner_Fault
0.03511150578213726,7.8108082731597825,1.0569118502831187,0.16820551779647014,Inner_Fault
0.028803825667109886,7.793488720552213,0.8014053466610173,0.21169630694488623,Inner_Fault
0.04140886246911204,5.2514680267618195,1.1277661618579107,0.11607334694022253,Inner_Fault
0.022315606344371484,8.304340242878153,1.0057443332247256,0.16420896230434362,Inner_Fault
0.043231677141847814,5.337508011964326,0.8075539272867072,0.12220856610055385,Inner_Fault
0.03852397413701331,8.032546204341656,1.146361685461322,0.16666537939026743,Inner_Fault
0.03533963498131758,8.126705136827583,1.5413044329360228,0.12243940465541717,Inner_Fault
0.024052969327332047,5.9090335697848015,0.9427288624818104,0.13747899559184745,Inner_Fault
0.045136001065697165,6.589185712045415,1.2159273826444545,0.14114730257286282,Inner_Fault
0.03467299160338089,5.894295331514064,0.6120181126386509,0.17927450158034125,Inner_Fault
0.02830083164289712,6.785078969711265,0.7130690869545974,0.1775536333182724,Inner_Fault
0.011277377867183507,6.691965715814259,1.1417218833641132,0.11262847870660847,Inner_Fault
0.039724850949493636,7.7796605322693395,1.4452348085607896,0.15164802332999547,Inner_Fault
0.057722515966697446,8.310308746119608,1.106684004635698,0.12871260435752482,Inner_Fault
0.0566125921454787,8.395683810789956,0.9060825908430536,0.11224485267973996,Inner_Fault
0.035429037434137285,6.437831973421698,0.9997874216270062,0.1434894884872689,Inner_Fault
0.03397787939638219,6.790778126255472,0.6248776798090847,0.1407455163463254,Inner_Fault
0.04468774256075024,5.31656180777905,1.18135459790661,0.22280149459036566,Inner_Fault
0.030016145608117085,6.194129933503811,1.2646999186970227,0.16298879476082087,Inner_Fault
0.04301791899819466,7.9648516330974575,0.864372900150076,0.10867147497737288,Inner_Fault
0.047660802783846906,8.615582823548232,0.8589873556721496,0.13305677987487172,Inner_Fault
0.05226933223884308,5.765651128120078,1.0797634688956146,0.18064149886288194,Inner_Fault
0.038998459235200476,6.407535740847106,0.8689840791878214,0.21265328318609775,Inner_Fault
0.037963262498230343,6.973594243041073,0.9801602156122533,0.10242050063286125,Inner_Fault
0.03122017413243439,7.280161158819607,1.6299165367499546,0.09360226844582864,Inner_Fault
0.0317311964596014,6.190396480078354,0.925892289776201,0.20612895526115346,Inner_Fault
0.03773521108098473,7.424061044464089,0.8924979543936333,0.16168842532112712,Inner_Fault
0.04367365506816178,6.526160652929084,0.8057374583094523,0.123951218043709,Inner_Fault
0.04913584626233249,6.985547729121721,1.223257591449981,0.16603887258367306,Inner_Fault
0.03196821049319655,7.546284248003699,0.9456327480345691,0.07092756782949367,Inner_Fault
0.054926885689595216,7.006422269810938,0.8051880885035723,0.15010126519791483,Inner_Fault
0.037288763989574314,6.5636141094734315,1.3963912096819036,0.15983463518529256,Inner_Fault
0.03978632705651564,6.890390196074169,1.4258809013540912,0.17772810418613488,Inner_Fault
0.03252788320852177,6.911637040794664,0.8198729302783885,0.11958312143122386,Inner_Fault
0.015757597397270583,6.629988970117872,0.44003801459181513,0.15257061484210077,Inner_Fault
0.048840453963610496,6.741203937332898,1.3022541069510767,0.12223726121821238,Inner_Fault
0.04736843897092433,8.598647170504718,0.7946110522719988,0.15766151267022951,Inner_Fault
0.03718672442881787,7.560919447941239,1.2371876797488306,0.12313961032910928,Inner_Fault
0.04066990717224872,6.704519681970839,0.4089688546864494,0.1377569748251934,Inner_Fault
0.04515939217704099,7.696954404510736,1.2677792014897928,0.12012553815629312,Inner_Fault
0.024374541431134572,6.66618051024399,0.6366484212157657,0.1695340872547097,Inner_Fault
0.03470947322653705,8.17312463758664,1.2192292357199572,0.17575353349969997,Inner_Fault
0.04794264679621827,7.369642192198094,1.0042819203509303,0.14296138290127758,Inner_Fault
0.027457105768307507,6.892697855995771,0.7138181741810066,0.15114713984880085,Inner_Fault
0.04293557932166629,7.447716925810278,0.8778891061219658,0.10654225756099367,Inner_Fault
0.02643418195376595,5.429123847931501,1.2058955370870101,0.1410097005597964,Inner_Fault
0.044664299824335264,5.873232531090195,1.0317683359345702,0.14849386148874766,Inner_Fault
0.03964358517702517,5.806074993600944,1.1753238941417452,0.22862379273089922,Inner_Fault
0.023848681840944908,7.142943094763707,1.5929321753546457,0.11664098922677509,Inner_Fault
0.051647393544571714,8.732514999485092,0.5307275164866846,0.1939253171625731,Inner_Fault
0.03265408423201951,9.231300146192632,1.485163772490587,0.17990576320397422,Inner_Fault
0.03189747562985619,7.638051101440757,1.0313067812569638,0.1584190921347041,Inner_Fault
0.04200569197230943,7.500844474944457,0.7303647855030615,0.202758614525854,Inner_Fault
0.051486373494287155,5.198942265847261,0.6009059122783031,0.1611631641782059,Inner_Fault
0.02984178181021603,6.457326200265978,0.94326388276689,0.16167477587003787,Inner_Fault
0.04061679849847972,6.212216248091761,1.2764950335773377,0.14840638040947363,Inner_Fault
0.04428816500330573,6.379152401748884,0.9617352638867397,0.1867070664725588,Inner_Fault
0.04693105607263144,6.83185618141521,1.4533464790742041,0.1828940770143265,Inner_Fault
0.04176441555277225,6.527909422302873,0.5646472929845323,0.13122968137511362,Inner_Fault
0.036329721609166775,5.020700189624212,0.9963733156461836,0.11042258416203697,Inner_Fault
0.031724097793512804,7.7479102561175335,0.6242819666760643,0.14391058087813027,Inner_Fault
0.040861438830463746,5.927256974260193,1.1090895647874903,0.1259988430680706,Inner_Fault
0.029278609880143934,7.239246864111149,1.26606621702919,0.14809426276153934,Inner_Fault
0.010786495165053925,9.074082669749973,0.873771461895684,0.18712314404052416,Inner_Fault
0.04436559804157668,6.080615408413577,0.21873584301185978,0.1362809503473963,Inner_Fault
0.04903934841086195,4.469712477253671,1.0596844440389483,0.14871529856065274,Inner_Fault
0.016370675644581615,6.713995778119889,1.1310215655200528,0.15174068204425184,Inner_Fault
0.029902692952900625,8.10095963499857,1.1212884264885092,0.17545292646615854,Inner_Fault
0.046191542610051976,8.958347454220593,1.3707346575466461,0.08259331998046184,Inner_Fault
0.06057495469711699,5.770450405547583,0.6786838961052853,0.13179899115704108,Inner_Fault
0.04020793707675408,7.496699223236522,1.2040648316351348,0.15633851076838418,Inner_Fault
0.032719970587708654,6.5346895432199466,1.3577522537433926,0.18600236869280584,Inner_Fault
0.0381710355889516,6.894051645695864,0.46642372479804495,0.13524292657481385,Inner_Fault
0.05374876419148185,9.644343347017035,1.095895547775693,0.09370341881874378,Inner_Fault
0.033540358208754645,5.497029671604847,0.8487460506976986,0.16859134337898407,Inner_Fault
0.03200807993349747,7.253739661494573,0.9755431980695062,0.1309391283352311,Inner_Fault
0.03517256477817968,7.467693171765434,1.104302945061501,0.11431000022728915,Inner_Fault
0.030466713917412878,8.085786324939347,0.8538314307659343,0.13126963830860328,Inner_Fault
0.041226703159947954,7.097983153470896,0.7972875762515165,0.1444642392703245,Inner_Fault
0.056246784584695605,7.308050539504102,1.0102457252464074,0.1318576600638536,Inner_Fault
0.04323079273116029,6.608351432578209,0.6738262183411592,0.08383301828702792,Inner_Fault
0.03747646497873713,7.269126941245108,0.6742524613344444,0.17691198590661394,Inner_Fault
0.03708188731084456,6.656807724502589,1.203811984886951,0.18824625123836167,Inner_Fault
0.02436809191303343,7.6215718898560505,0.6553617894524032,0.16954565974018515,Inner_Fault
0.04883109777147159,6.630389663956366,1.1998937502727636,0.11586942988725549,Inner_Fault
0.03922162802987198,7.377100393902187,1.1387773878561853,0.14395525398157447,Inner_Fault
0.03819520086409375,6.970737186315022,0.48225798136282105,0.14980436054311624,Inner_Fault
0.07193107567844861,8.126050250772169,0.7967306042993034,0.1679638316868573,Inner_Fault
0.04298752908365686,6.948606276411514,1.3582328209142118,0.1700502146615424,Inner_Fault
0.032482089499048156,5.226967531793118,0.7056503406580955,0.1279747860366451,Inner_Fault
0.03573642403794457,8.261921500713992,0.8606787213071837,0.1524598666924068,Inner_Fault
0.05148445709196755,6.094267699137381,1.138618267975569,0.16371841213845723,Inner_Fault
0.04113270410537764,6.34623366135118,1.2350171527847786,0.193674669664403,Inner_Fault
0.025617220216826334,6.404338705956508,0.9245383341866513,0.17113519619474168,Inner_Fault
0.04919228934575204,8.374438093170816,0.8207469415925075,0.17367170062126555,Inner_Fault
0.03331855914461006,4.864325786021304,1.4267109585095523,0.15251479883788083,Inner_Fault
0.05873297776217545,10.137748533659995,1.5216698991392736,0.1923137743561051,Inner_Fault
0.050800480657146485,8.056056809066051,1.2936574152345386,0.1622928838787849,Inner_Fault
0.03552678104341249,7.223238914129159,1.0255954427695073,0.12416736269479288,Inner_Fault
0.05281016361735113,6.945105999383713,0.7575202835077222,0.19210109910375572,Inner_Fault
0.04067855510527403,7.285554074857657,0.7508666780330304,0.1709370981761708,Inner_Fault
0.0485277367512222,7.521122428379338,1.1567542315797272,0.13670867936614553,Inner_Fault
0.04484732817294475,7.645215585950057,1.125519466266605,0.1356152109780227,Inner_Fault
0.031536433450091265,7.555604466003448,1.4204795778839288,0.15889726635422285,Inner_Fault
0.033564501676825384,7.089580681255248,1.1951350277608417,0.16389554385802754,Inner_Fault
0.05029960817581161,6.802661579692674,0.5490759094720546,0.1559187679689362,Inner_Fault
0.03665224667893459,6.848726716346488,1.3155842853168755,0.15933926020328654,Inner_Fault
0.03596351536758004,6.805091719647319,0.7005818118056761,0.2009987212372914,Inner_Fault
0.03044877420650647,8.133770096867064,0.8848086184142945,0.18214629456704656,Inner_Fault
0.044235990655934615,7.593556722280862,1.0750600618755084,0.15571906773795072,Inner_Fault
0.06062524919243145,4.059611365335719,1.5987002469351892,0.17823931742302448,Inner_Fault
0.029324670857457272,7.655900776529761,1.9329755668016082,0.11902428289417381,Inner_Fault
0.040242194566727583,7.194736194718775,1.1820169177408548,0.16193781149840425,Inner_Fault
0.05412220555415429,6.981291243554103,0.9450410143838837,0.20427919049199328,Inner_Fault
0.03920358608754285,6.611481546911114,1.160351694544165,0.14345862313822877,Inner_Fault
0.044523717962497336,8.124112719986014,1.2662966277621508,0.12457098214142745,Inner_Fault
0.029376064718531204,7.947526462122858,0.9037997123328425,0.13043733334220817,Inner_Fault
0.04428307097207649,6.227122332176391,1.5385634067736966,0.11731100887972834,Inner_Fault
0.03812855734995451,7.407052287124535,1.0690212277574207,0.1264571427561689,Inner_Fault
0.049857299956798634,6.028343265458714,1.1493229267274183,0.13888475704229913,Inner_Fault
0.05187386051564751,5.620381835211069,1.1997772756163383,0.10783298942464073,Inner_Fault
0.06589563642018614,6.3732827754100345,1.1264759831843367,0.15046855001848808,Inner_Fault
0.04579633173213576,7.862393472382759,1.2516821501408837,0.17706831521359942,Inner_Fault
0.043257963165821665,7.953125045376087,0.814824044035923,0.12276731459559238,Inner_Fault
0.04194384301577336,7.513085420097293,0.8325094738161909,0.19557851770925305,Inner_Fault
0.03646833707189312,7.725095786847997,0.6699537301084915,0.16532376265582782,Inner_Fault
0.043384838434616914,7.5161782871149585,1.131850369186068,0.1809174175687217,Inner_Fault
0.037045985898609704,6.3585184047770476,1.2336809510536342,0.13026496338443588,Inner_Fault
0.04168460976269615,7.431922544673941,1.1373318598455657,0.17563575681199847,Inner_Fault
0.0531759753560796,7.800409525227682,1.5023477300042611,0.1172419829881406,Inner_Fault
0.02993457434720359,7.754291329813574,0.9983211943512861,0.17670742502509526,Inner_Fault
0.05139878561129045,8.188913371474642,1.2006224966777537,0.15515518019380592,Inner_Fault
0.05317115067339866,7.708303847201064,0.6724897371582057,0.16659753659954352,Inner_Fault
0.03881931473008921,7.351448207541583,0.8838700892576797,0.11473216183125445,Inner_Fault
0.018781451009914053,8.070150238316428,1.2086613272697333,0.12314790473170185,Inner_Fault
0.033921780129055674,6.97347874075094,1.2547306332229433,0.16791684654760153,Inner_Fault
0.052969945465611096,6.118125348772282,0.9118099157007453,0.12154955987327397,Inner_Fault
0.03963206292099124,7.901011700693877,1.3769516934542052,0.14194140757724977,Outer_Fault
0.021328621935397543,7.313689141410301,1.0722213662682005,0.1377126618375439,Outer_Fault
0.04348174212666668,5.210630930547131,1.3198783935437381,0.11573560389178361,Outer_Fault
0.022674766852314912,6.467537987064597,0.4973616754544655,0.1301606195376507,Outer_Fault
0.04052299937679524,7.003673359894027,0.4902527533753684,0.1508837244479507,Outer_Fault
0.04125630933646001,9.765225188808229,0.855309207069811,0.14616946140085352,Outer_Fault
0.028032281815704253,8.16786374944051,1.0508353280685583,0.08570942063778814,Outer_Fault
0.040820265670847275,5.89742211708013,1.4389082468780892,0.14460474560266454,Outer_Fault
0.03760442263333556,8.083243547301164,1.1118236741445395,0.11805934184902445,Outer_Fault
0.02961158143807262,5.643235213273961,0.82719561695639,0.12218622294046545,Outer_Fault
0.024914453159237925,8.799229264664488,0.5920892377002325,0.12219590973005083,Outer_Fault
0.015373743083274213,6.9346504178185455,1.269000171815745,0.1154927103360522,Outer_Fault
0.03849650047299694,7.387636573512995,0.6105883722747856,0.15575122491321194,Outer_Fault
0.01935197228637945,9.090955977050628,1.3885405664316965,0.11748846120452364,Outer_Fault
0.03595344199441308,5.9554037176989,0.8146846051180472,0.08641361614850493,Outer_Fault
0.032365517839177516,5.823458177864411,1.377174621785355,0.10819410432090813,Outer_Fault
0.04179142775438196,6.799680808384794,1.1036793870177835,0.12536084150431426,Outer_Fault
0.03197954500510136,8.74605462122318,0.8589013531672626,0.1568764435289115,Outer_Fault
0.031705522136529087,5.676784709427789,0.744181088452162,0.138092840548465,Outer_Fault
0.04231870704288296,4.101413282267318,0.7977276367961761,0.09448394163758868,Outer_Fault
0.03835058029084118,6.958609369909201,1.0284950077125712,0.19455569750036672,Outer_Fault
0.038161559571827784,8.162088959893104,0.923146948865315,0.1279432593293394,Outer_Fault
0.03969267589808527,8.940314099686596,0.7218565775793885,0.15826172213997045,Outer_Fault
0.019644278767928944,6.9442063654975215,0.8503105769047103,0.11544856699268312,Outer_Fault
0.04256788679986982,7.006288071460797,0.923573108915745,0.13600077734116348,Outer_Fault
0.041124687940136025,8.884680881106897,0.26137977167555637,0.14518405513555213,Outer_Fault
0.02483316871423503,5.2563099603654955,1.0374504344366096,0.15654584135262767,Outer_Fault
0.03255919526325799,7.033775069780389,0.606083632584958,0.15172104916134674,Outer_Fault
0.034606927123723694,7.728508667910069,0.5540002790382765,0.14616591000218934,Outer_Fault
0.03365503215598268,8.039062465542042,0.3937966958667869,0.11054739806417674,Outer_Fault
0.03833859966568535,6.888231968170941,0.361832250639633,0.10284761874131815,Outer_Fault
0.04931366781831184,7.54132921404701,0.49336574906631325,0.12997822530972591,Outer_Fault
0.04581766727672829,4.514007175904412,0.6872937127108529,0.14799384217023207,Outer_Fault
0.02187780806568594,6.710101905199382,1.4859777412579704,0.11331837897670179,Outer_Fault
0.04122069990306049,8.044210455065361,0.7422360972314388,0.15195515897143158,Outer_Fault
0.0482893331953541,6.321247158894384,0.9533250318804094,0.16357850236458538,Outer_Fault
0.03886808520689203,7.570781065907517,1.0201444159518986,0.0925103724277974,Outer_Fault
0.04590980425185967,8.036247000963238,0.9393195558647547,0.0948923788861116,Outer_Fault
0.055122704457007655,7.088940958970682,0.8767669617822019,0.1157887482328399,Outer_Fault
0.04523709546106982,7.704556525195885,0.5414118709202267,0.12922838004567588,Outer_Fault
0.037493085956417295,6.344720921658466,1.3352782644837635,0.10426298958698847,Outer_Fault
0.04545088474084754,7.252066464364744,1.4421589930913656,0.16056608036601433,Outer_Fault
0.036448878330968916,8.232259403507067,0.39520239176319427,0.13272200584555352,Outer_Fault
0.03523903043284956,7.688367553162121,0.5927914227340862,0.12118341144722218,Outer_Fault
0.03148585764286268,6.7961624765232775,0.8160568972868982,0.07692271428394418,Outer_Fault
0.050634133588321084,7.769059685148951,0.6106386615269426,0.08052552550717479,Outer_Fault
0.02681571334057999,8.357531748763941,1.0517896660367596,0.12843027750845418,Outer_Fault
0.05032367724678116,5.040070465707027,0.6815183392780161,0.05602213121535492,Outer_Fault
0.039998641237403716,8.890888877947077,1.5495168203419807,0.15037912228932215,Outer_Fault
0.02100693825198059,7.096494313582713,1.2571645783030787,0.11525538466883038,Outer_Fault
0.03867649292991422,8.010587919888277,0.9637722091896644,0.217292789087842,Outer_Fault
0.013999734923483761,8.936696308374273,1.2080958789959197,0.1892374875184833,Outer_Fault
0.04125508016831036,5.853991563323441,1.2317701273071928,0.1145565279225745,Outer_Fault
0.04385231482988991,6.648670797086944,0.730815753582527,0.11680988992406055,Outer_Fault
0.029076440443479467,7.153741564949154,0.6551348266374106,0.1498674454200609,Outer_Fault
0.036235476959555826,6.559495774650686,0.9234429188908942,0.17109517829754112,Outer_Fault
0.05454157433750287,9.58192389100417,1.1584908373493832,0.0708591282769195,Outer_Fault
0.029942532957380637,6.471873487407849,0.9417181195960254,0.0664087360393594,Outer_Fault
0.024410924129434,6.8333438646157605,0.4269010553427009,0.10133895583336855,Outer_Fault
0.049816634024625994,7.745266837923572,0.6591526668147474,0.13748212749521593,Outer_Fault
0.05462587190530795,6.057420568708693,0.8778081409216866,0.1349062077152279,Outer_Fault
0.03503695671847848,7.025183145892483,0.8773003187022509,0.15209314364951548,Outer_Fault
0.045114630354083564,7.88094391350021,1.4917626530369423,0.08400907414904074,Outer_Fault
0.048414759155308816,7.100567514740987,0.48420361728030065,0.0505156841109337,Outer_Fault
0.027575157674616164,7.3879357693200625,1.0516767725507623,0.14574042585906435,Outer_Fault
0.03014694164632132,6.864801465061955,1.3467339324984868,0.09515411181104295,Outer_Fault
0.047308745131547356,5.68263562898308,1.5814349236268388,0.05944536406834086,Outer_Fault
0.05185014278708509,7.8859118536070865,0.7786807730448116,0.12435191237878145,Outer_Fault
0.04062880860174355,9.60591968597669,1.04742883581606,0.1437952706465603,Outer_Fault
0.02620185646497946,7.522081956940125,1.0709281071595942,0.11633828603636168,Outer_Fault
0.054870611116994414,7.770316940697059,0.9586445194659873,0.10626454841452532,Outer_Fault
0.02969029102188036,8.331267306140232,0.8703464396282082,0.1152191330356228,Outer_Fault
0.031648622188285486,5.976803404143961,1.0307926168500137,0.1088825171279765,Outer_Fault
0.03842337834489622,9.543017589755527,0.14032617443409445,0.07955858664179499,Outer_Fault
0.05054160420714775,7.742794555707363,1.1046208470187895,0.09855957969028704,Outer_Fault
0.04353975976552224,9.45822827890693,0.9378533710985901,0.13563839715041442,Outer_Fault
0.03914865500361911,6.620360405371213,0.8332575309665204,0.129650356241295,Outer_Fault
0.039632885301181066,9.68167430706939,1.5140586587158673,0.1250417941790046,Outer_Fault
0.03543514668643467,8.43018659284174,0.6975197943628344,0.09014554554439862,Outer_Fault
0.040581395145185065,8.16364810302283,0.7790772032804908,0.11455490513592999,Outer_Fault
0.009704399223056971,7.780829345223777,1.49746599066142,0.05468804860671436,Outer_Fault
0.03203392540930202,7.201765658310661,0.650381608545043,0.1253542999165617,Outer_Fault
0.03741321934916781,8.940637990168646,0.7349654151190383,0.162865731234407,Outer_Fault
0.02348985916380493,7.668431843817657,0.855892372970745,0.07577603603873682,Outer_Fault
0.0388632331781156,5.1395163556954175,1.1522203446388648,0.10242216980046734,Outer_Fault
0.03295528779013879,6.159376245951597,0.962340752205994,0.12987320336130387,Outer_Fault
0.0525547569831549,7.276985097368703,0.5122123958543212,0.1575852790328245,Outer_Fault
0.05073019725214857,7.871998779798666,0.7403494310618431,0.1065532615109955,Outer_Fault
0.030341944308818376,7.432093813320125,0.7177936700363367,0.0992324901220231,Outer_Fault
0.03349162288433305,8.962764947752396,0.8768336864330863,0.060932305727517504,Outer_Fault
0.03426052434391608,5.1586777631536505,1.0277530975889488,0.12310314387924319,Outer_Fault
0.030483405238403774,7.672305523806192,1.0254617267663917,0.18126228120431231,Outer_Fault
0.03695024984028127,5.318424929535414,0.36719647378547937,0.12832075385894026,Outer_Fault
0.027417179311124102,8.411654754581003,1.2191822962682568,0.1193316306244886,Outer_Fault
0.02369384665062474,7.386649542669597,0.9757706537989871,0.12966246932300957,Outer_Fault
0.04122711223900269,8.003531966428941,1.3153596142781718,0.11966723988154193,Outer_Fault
0.04129529584221811,6.46334044729228,1.0332594981872016,0.0956095688321961,Outer_Fault
0.02695684240340008,9.035357917989302,1.2303968873207287,0.14469839747033114,Outer_Fault
0.043953554307626,8.750069596870622,1.0399635934350382,0.12677284569335262,Outer_Fault
0.02868422270834669,8.200253163614265,1.3038677268608245,0.12052839755800972,Outer_Fault
0.03753165238037982,7.344579303763871,1.0566751908053336,0.0907390191816525,Outer_Fault
0.043203440126124565,8.19582874235416,0.8706254260671288,0.15910523795804277,Outer_Fault
0.03466387435296287,6.6517289184151815,1.5817304161340644,0.1399410823599933,Outer_Fault
0.039547409121411345,8.526666790824855,1.1667111366839675,0.10341237487898093,Outer_Fault
0.029835703561124284,9.479377073188704,1.072123326301324,0.15005474561045812,Outer_Fault
0.033035334165719035,8.784732671975023,0.5171086750384992,0.10507287484844378,Outer_Fault
0.0329414056911966,6.6244770362311085,0.5135077147609387,0.09653989522466888,Outer_Fault
0.027534216534597613,7.933700780727723,0.9878146446425561,0.09720890647559138,Outer_Fault
0.03323225836884218,5.948230147489623,0.9436563593304723,0.06686794340735727,Outer_Fault
0.01951381701136254,8.18686837341081,0.7157632304975052,0.13414627141254618,Outer_Fault
0.030088462528578955,8.040724095435047,0.942294809883618,0.0650656536498495,Outer_Fault
0.0321512450663033,5.256220392561403,1.3765880784130786,0.08314668506202712,Outer_Fault
0.0324382024750462,6.105859387305164,1.1086207423650896,0.057732359727644,Outer_Fault
0.032585025541292216,7.160233323907479,0.5576974470741786,0.11741790921627321,Outer_Fault
0.034382358001398716,7.1389683034310085,0.866547351857117,0.11549038619184383,Outer_Fault
0.039794415180860646,6.048627677497434,0.6585100557442318,0.11019911360440908,Outer_Fault
0.04374517074132523,7.96677447522262,0.7836900250774317,0.08872266915988271,Outer_Fault
0.02850234773151733,7.801768330728614,0.7759153003111072,0.08483298739690079,Outer_Fault
0.02296799144610856,7.266877041625777,0.7567063252187984,0.1339310959063972,Outer_Fault
0.024579555877568972,6.593050199809965,0.5234593884079816,0.10348344204874536,Outer_Fault
0.030127970788050733,8.758448551699876,0.861703595544543,0.12949074964608434,Outer_Fault
0.03148078682183491,9.486488535705954,0.731817708945807,0.09344253941627333,Outer_Fault
0.027300039338025432,6.919726219384156,0.021165392999319632,0.12543188228313246,Outer_Fault
0.022038833357501057,6.765399699414215,1.5158916073504989,0.1590983411194819,Outer_Fault
0.03043879172525812,8.089449198494396,1.2266308962650017,0.1375849740117835,Outer_Fault
0.036814266201139714,7.070364744303617,0.7871097825225012,0.10762758545350559,Outer_Fault
0.04095029465835565,7.332723359204119,0.9056457149221796,0.1277159691106778,Outer_Fault
0.029425769468916792,8.387583782069605,0.5485036958047316,0.1127800447640936,Outer_Fault
0.03087002177856566,5.208772694991248,1.4087168633432596,0.12023640554084183,Outer_Fault
0.025733016911526893,9.081962789823203,1.4691866084319334,0.11023166843554488,Outer_Fault
0.03468560829625224,7.5872166291952094,0.9470081184739574,0.11506994382343826,Outer_Fault
0.026515713658091855,7.006208226525384,1.2070591932556034,0.12636280059222527,Outer_Fault
0.04073127813241201,7.392919014934261,0.9525860336801771,0.09019923901254148,Outer_Fault
0.01714133508065889,7.454915226024623,0.4989823683372208,0.08952363519030065,Outer_Fault
0.03140370327547538,5.422558435866089,0.7764529893109029,0.07834372338506367,Outer_Fault
0.03801107339191742,9.293925872943882,0.9395783900315872,0.0719918668648887,Outer_Fault
0.036838345163225046,7.549590758724742,0.7636356843769667,0.08348151923338562,Outer_Fault
0.06193033663980497,8.03160255653685,0.8344040167694893,0.12478387520412387,Outer_Fault
0.03849800024567908,8.641859724688851,0.8725801327472656,0.09321637453524348,Outer_Fault
0.0249594540315799,6.27460505092764,0.8757364506403617,0.1354084339269329,Outer_Fault
0.034045357529109276,8.068166278842273,0.915677547149245,0.12104141246257685,Outer_Fault
0.017237536665335486,7.178830690921448,0.5818184800810198,0.060944873596858386,Outer_Fault
0.034194002507032396,8.516124930259792,0.6848951552616191,0.1396492675266507,Outer_Fault
0.026669439429992416,4.947327095578206,0.5146247202900092,0.1443239593677513,Outer_Fault
0.04415390275560162,7.381086839710477,1.19334466490586,0.0901841197549544,Outer_Fault
0.029504597254044654,6.776615213059246,0.26830591744790266,0.13260574628684973,Outer_Fault
0.03383234084204754,8.018715540760986,1.2460771029950777,0.09430505287772403,Outer_Fault
0.028644421585955968,8.064053024841842,1.315904819178853,0.12293011130245006,Outer_Fault
0.05238851351853332,6.650848926213569,0.8093458239052136,0.08206504779135103,Outer_Fault
0.03178757233882089,6.6453913629887476,0.11905887365181045,0.06620680642396269,Outer_Fault
0.053325570434792025,7.367201557731205,0.7916068314098129,0.10851548431161094,Outer_Fault
0.043141517621182665,6.42402932722175,0.8807447516133542,0.11628813161175491,Outer_Fault
0.039820667273353864,8.510380434542553,0.596820534021326,0.10806960919156187,Outer_Fault
0.0386873314731752,7.056951359463064,0.7454344818575271,0.0844790832533232,Outer_Fault
0.03893797298216252,4.01161413681403,1.3590585596590055,0.10800302813606588,Outer_Fault
0.015723274206543902,7.050213532053832,1.0994781486905223,0.12807884257742203,Outer_Fault
0.03221116605849244,6.253747414987233,0.62263076568657,0.11865320909632389,Outer_Fault
0.04345157971184322,5.542469021446865,0.4207202491213704,0.1254750309179764,Outer_Fault
0.034511028165258945,6.015088034132913,0.8018948047170686,0.09989654398637302,Outer_Fault
0.020948101531964254,7.631290166199564,0.8359629661948685,0.1551515374414848,Outer_Fault
0.03447595549422531,9.094368993897877,1.048859756208995,0.08471479990335658,Outer_Fault
0.05204105516255492,7.875821368637976,0.7394049862297023,0.13462680891260156,Outer_Fault
0.0474689171553472,6.772195934141113,1.0534498726085584,0.15545673278879885,Outer_Fault
0.034379959906339685,8.047085034204843,1.4805462120180688,0.13442724278246687,Outer_Fault
0.044514492770580866,6.94909162773721,1.1446503067332787,0.11392427318805509,Outer_Fault
0.03133492979631949,6.666479557004227,0.8855734478007683,0.10415108860011062,Outer_Fault
0.017961284131732813,6.114764798120419,0.8450548586840116,0.15108262953138768,Outer_Fault
0.025755340118704458,5.397805431897937,0.7929980597460387,0.07731075224214981,Outer_Fault
0.05062888768508198,7.032091552128666,1.2541922737356435,0.09089627218861068,Outer_Fault
0.032260069181706964,7.6896641879041585,0.7118059662146091,0.10807326703524836,Outer_Fault
0.03256616020624982,7.3840515959821325,0.9135668126999947,0.15712961272535994,Outer_Fault
0.0320016180372512,7.00083968646317,0.9153593705643256,0.13139302908122688,Outer_Fault
0.054041365895730074,6.365104727163863,0.7494647421565405,0.09095862724469264,Outer_Fault
0.05125958915362064,8.229895430021962,0.4882603356347698,0.11069076883845289,Outer_Fault
0.05718780233448134,5.919441696064098,0.9968923510853005,0.10157030567711117,Outer_Fault
0.03340954789599949,8.43123349661217,0.881698808443385,0.09870633023299394,Outer_Fault
0.03795624488747095,6.29733957728793,1.050072140830971,0.14936668675670337,Outer_Fault
0.019833574505792092,6.597077715176358,0.7399199080682499,0.07884770612209482,Outer_Fault
0.04976934426118275,5.739857771261187,1.2662463896439142,0.1682634256720312,Outer_Fault
0.023322204487320655,6.898317423737236,0.6369678656364466,0.1448468907055387,Outer_Fault
0.037167755637626296,8.670374950173574,1.4136120852053677,0.15272585011811093,Outer_Fault
0.02402697472367156,8.118753706132747,0.3757090470515215,0.10611181463924224,Outer_Fault
0.029111331732613044,8.674106534433642,1.0304310193670674,0.11550177842762671,Outer_Fault
0.026627375689502998,8.126571055120722,1.042629204757987,0.07700544556425865,Outer_Fault
0.028921247393241825,6.175596205763557,0.6613328796177353,0.1042601277879959,Outer_Fault
0.02960877296851022,7.103052930806931,1.0273181813583039,0.13480964542929452,Outer_Fault
0.02951731205074923,6.563761045059045,1.2838556009280477,0.15888189185344187,Outer_Fault
0.04333333911780307,9.096689884846848,0.2349543481937807,0.08678529549592645,Outer_Fault
0.023951372069374803,6.063853624288426,1.0508234422472444,0.10903482189044202,Outer_Fault
0.037205414270138674,8.572437227266933,0.15201875390097674,0.11546102339302433,Outer_Fault
0.04717959152305559,8.571544644130523,0.6103005589430377,0.07812632393422544,Outer_Fault
0.029868036354866043,9.695544242059304,1.3887499094702835,0.137740477252752,Outer_Fault
0.027820811092523986,7.008376088844603,0.7254653899823839,0.09828029004772172,Outer_Fault
0.0326947537481975,8.354786591496195,0.5478360106773082,0.11413828946468928,Outer_Fault
0.046797252083607105,10.237982203846611,0.8406186813045955,0.10644151884264366,Outer_Fault
0.03694107630953358,6.758829987679564,1.5203719014490655,0.09631984482840977,Outer_Fault
0.029687857053924016,5.657951702961169,0.3504953258381922,0.11978865043558336,Outer_Fault
0.039838766511880404,5.243987959310683,0.5846070265081966,0.11353171264295933,Outer_Fault
0.02397707850163577,8.355254434633597,1.3492295049538878,0.10884426353164003,Outer_Fault
0.04181359510442948,5.240219750329699,1.4573107030613197,0.0981461513495897,Outer_Fault
0.03908607307701768,7.053217136474492,0.8689706327129149,0.12958574012348867,Outer_Fault
0.031921915288611165,8.024775824446753,0.5282841892420074,0.16960851805476854,Outer_Fault
0.02661414201552769,7.722210644195897,1.5287530505427478,0.12419661698517381,Outer_Fault
0.02613319077716543,8.010533837021006,1.378332717524759,0.14988354644733387,Outer_Fault
0.040348173363459104,7.766747826961025,1.1036840963286698,0.07829334224539611,Outer_Fault
0.04728980502489062,9.034638975976073,0.656279295318774,0.12473284317881309,Outer_Fault
0.028626922529712055,6.357220343113443,0.885291197748589,0.087078950430868,Outer_Fault
0.03958386703551485,6.687605833849762,0.8518919756865508,0.07569225217404296,Outer_Fault
0.014129729813979315,6.572808665675011,0.9992553913846733,0.09781885777622891,Outer_Fault
0.029153822693428005,8.496230174235132,1.3353004314394008,0.15575698003240718,Outer_Fault
0.034689410671290985,8.580478306074076,1.1638251123412209,0.14850047486008935,Outer_Fault
0.025903165830181665,8.04147038318221,0.5767871769045725,0.127290141661632,Outer_Fault
0.025634936252104043,8.920192400267913,1.3129489350058614,0.07401898320330208,Outer_Fault
0.02832220443531114,6.086350959148343,0.9939396420039466,0.1141115804583619,Outer_Fault
0.03792192728326373,9.500668933861364,1.1061197387576749,0.12905100026705207,Outer_Fault
0.03312670981593625,9.32788634605471,1.3399622577835808,0.12526608688735794,Outer_Fault
0.012617687666750282,8.382746396694897,0.5665259251459347,0.06468619249557762,Outer_Fault
0.013792998473649343,9.638158690525271,0.8892523263880612,0.09329046455940385,Outer_Fault
0.02893134822142825,5.512052150786672,0.7405636345922355,0.1180776670755385,Outer_Fault
0.03957686586053552,6.870662236484818,0.4296421723903633,0.1360887272855157,Outer_Fault
0.007524951572747657,6.617635847181657,1.004012993281476,0.054116165367001604,Outer_Fault
0.030002698238483696,8.365775188508811,1.6534669654753271,0.11513628073560424,Outer_Fault
0.029737521434825793,6.239831112477425,0.34797667664827425,0.12429146309636857,Outer_Fault
0.048883377782084486,8.408994179204983,0.8903158166851589,0.1454883596554864,Outer_Fault
0.031149781882871368,9.144643372796056,1.092162880522432,0.1407857275271231,Outer_Fault
0.03882988984740929,8.334243480100799,0.9369234604968544,0.13747713956426416,Outer_Fault
0.03641257140087464,7.840501228393801,0.8660615842452779,0.09600178479894197,Outer_Fault
0.013694335201927997,6.314551990919101,0.5102350909662527,0.06275993588630077,Outer_Fault
0.04268207216631738,6.4837788406495624,0.9698360228820491,0.10820841728815797,Outer_Fault
0.03715396505456288,8.999542686356,0.6729708068952222,0.1500489547562568,Outer_Fault
0.0400826863967459,8.435218804686398,0.24302348850643407,0.16180363582573293,Outer_Fault
0.07426237706436327,7.453176576746947,1.2583776661541193,0.14131647306893355,Outer_Fault
0.01415887060501412,6.998508545080932,1.1875157459526127,0.13288022468405203,Outer_Fault
0.05224696649761109,5.069030552266348,0.9154982930553239,0.13138918945157896,Outer_Fault
0.032125524805996446,6.214977097578673,0.9687224064617108,0.10331643759717658,Outer_Fault
0.037873289044030096,9.793702904567668,1.2222954038146685,0.11609819119339139,Outer_Fault
0.03454487754698758,5.963453314797039,0.9673018970334248,0.17007208577478994,Outer_Fault
0.030757636666019567,7.727375785465297,1.1712052664283943,0.09172325982624371,Outer_Fault
0.029301670717612416,8.708932767834238,0.810755339737845,0.16844336372129554,Outer_Fault
0.0382950873557301,5.994092798397249,1.293595121572184,0.11033915536523825,Outer_Fault
0.019828263033283212,7.7216525697373,0.9962357177798051,0.15976296327285233,Outer_Fault
0.04250579167521766,8.625498645012787,0.9582155830817622,0.07779554971507385,Outer_Fault
0.030838055951147463,7.5149991862887005,0.5189816733863903,0.13757712603493946,Outer_Fault
0.023699306609596425,10.942083666800123,0.9860867562905127,0.09789689592157133,Outer_Fault
0.030499871420041867,5.4976808893461655,0.6504135247516647,0.07754198424227438,Outer_Fault
0.04757149216862573,8.770474235860654,0.7085151820414518,0.12655602127232837,Outer_Fault
0.029646649129837773,7.292637915124243,0.6553873115051637,0.15028415365787906,Outer_Fault
0.03858453618209621,8.42630418580401,0.5801295204302326,0.09465175684219511,Outer_Fault
0.02769043724284527,8.029568582039095,1.5374314209050883,0.07502952118624796,Outer_Fault
0.042579218499236196,6.620212563468004,1.299401718596521,0.11724465706995134,Outer_Fault
0.04185507738790205,7.7747956709512085,1.4761102506432784,0.11737694013668457,Outer_Fault
0.053486088332964116,5.270518258322055,0.5331314941333309,0.13644958882663497,Outer_Fault
0.033244360545007845,8.223897000685673,0.9213761249732678,0.14848783714093464,Outer_Fault
0.04168654804757907,7.857790159188631,0.5119477124387712,0.11821754456182518,Outer_Fault
0.03598067539538945,8.266392202371723,0.6912915368408808,0.17566509944382788,Outer_Fault
0.04795871781863015,8.76974199010458,0.6245619049750275,0.12672704233605875,Outer_Fault
0.0278116761239127,7.9411438082516534,1.2718752019324684,0.10960720481979301,Outer_Fault
0.04245005312877281,7.6777073037579315,0.7811310965694721,0.07165297922691516,Outer_Fault
0.033053027038833185,6.442717996006449,1.220513800108205,0.11212021439051496,Outer_Fault
0.034358118228915026,6.645335083621139,1.0812362668765554,0.10990839163766591,Outer_Fault
0.03591752484448373,8.924081544212797,1.5910916256314367,0.1488091438884441,Outer_Fault
0.03752240396426678,9.223602486847174,0.4561667330580828,0.13387450872200563,Outer_Fault
0.03383770956878042,7.214267476425535,1.2777699719360398,0.08461892635102147,Outer_Fault
0.03714713183170527,7.555203296703929,1.2439322611202184,0.12516763159233113,Outer_Fault
0.05078118057562185,6.4144627500074805,0.6079863485918897,0.1401459351518716,Outer_Fault
0.044854496856152185,8.907308214320933,1.2021400009419478,0.16584094078163497,Outer_Fault
0.04369154592496897,8.298500188430134,1.0008434889078686,0.14662511902242178,Outer_Fault
0.030444604739761294,9.8294609237565,0.8317571220139777,0.14282539962934432,Outer_Fault
0.02610759171771676,6.446012307384313,0.6528193539084002,0.12180257983845491,Outer_Fault
0.04455300558237753,7.0463905211781395,0.6842671645652443,0.13164936016270348,Outer_Fault
0.04376046792529795,7.777735107030686,1.5149436287357778,0.15748514702118477,Outer_Fault
0.04972670675750982,8.275787445270925,0.9002048456872448,0.0800166780756105,Outer_Fault
0.028960193740307706,7.241198834942841,1.1346390004594378,0.10951682018349132,Outer_Fault
0.032704513446396535,6.45244669145556,0.6627301854997341,0.09682293753731278,Outer_Fault
0.01860515837474566,8.557689034708286,0.6660441161335084,0.13137459356178371,Outer_Fault
0.031075288939391273,8.365362435054697,1.2245954427749828,0.15690666526952363,Outer_Fault
0.04496570510579448,6.40047107932353,0.4951271365345404,0.10209077139836778,Outer_Fault
0.030335046207718024,9.126531361326595,0.7754358696284186,0.04829086897591686,Outer_Fault
0.04140479795200824,8.904238451035924,0.9102082233216696,0.1076333776492659,Outer_Fault
0.03309496894002189,7.661155796697352,0.9334117805520158,0.1474042119605222,Outer_Fault
0.03824057028221561,7.595517434851244,0.8462720144951531,0.13612889708849638,Outer_Fault
0.02352308610184333,8.164869325339088,1.018745934328777,0.1328455874343173,Outer_Fault
0.03585209449633901,6.46595631569249,1.1078567267453434,0.1116002009437656,Outer_Fault
0.00508864029099277,7.536037774996899,1.120391263637799,0.0816290779134064,Outer_Fault
0.03313103841838015,4.917139746468983,0.604258857399652,0.135458829648734,Outer_Fault
0.018695267562848603,8.551746774603522,0.8147534706213608,0.09497154569896125,Outer_Fault
0.047059945165468166,5.626208133069769,1.2584288585630814,0.1855229020014137,Outer_Fault
0.04277407352764512,9.304103794114798,1.1683941562721616,0.13711521625063547,Outer_Fault
0.03966670981966081,7.103855887240259,0.4881421645556809,0.10258055092338146,Outer_Fault
0.0502100622715938,7.2459996216825875,1.0054439701056606,0.10165844257834115,Outer_Fault
0.025510834791751633,6.746719312698593,0.30653242518755697,0.11721167380159235,Outer_Fault
0.05247363197915558,7.1543533512935085,0.9140804706181109,0.1128149423393475,Outer_Fault
0.04432191564260385,9.202237614177644,1.469330105023793,0.1535050132658986,Outer_Fault
0.032634447127810544,4.514629612157904,0.6156321848193042,0.12559248509232138,Outer_Fault
0.04635620147182944,9.032358463305826,0.6497030863525254,0.09805104783274415,Outer_Fault
0.02393706487588366,7.90562817732205,1.1292089344718579,0.17671322055467348,Outer_Fault
0.026754858384723267,6.051574022571342,0.4371595454371063,0.12147924994560667,Outer_Fault
0.028914102767603,6.209625128340915,0.7101734910344883,0.1430651902790669,Outer_Fault
0.02971022291935985,9.511671632649843,1.0789323412745258,0.10175320477665722,Outer_Fault
0.024434423572397473,6.365391744068723,0.7097142456931791,0.13089346883233569,Outer_Fault
0.04723083067095325,6.115979387284849,0.8292090038367086,0.12933329973429586,Outer_Fault
0.032411455996301686,8.864777450837675,1.1232557130945104,0.06331052123711542,Outer_Fault
0.0385250496835688,7.906263451543097,1.0264638250609683,0.1804582533138192,Outer_Fault
0.0292964863358632,6.374489308156321,0.9800455188886206,0.15871933382767642,Outer_Fault
0.016793966994514832,7.759949970485543,0.7982633162189884,0.10808414051562036,Outer_Fault
0.037700573583914224,6.269096779631667,1.0110183345806867,0.08693190778632434,Outer_Fault
0.015877450245802234,8.820985678107126,0.862880195970073,0.13042684841410657,Outer_Fault
0.034313659539145315,8.77364515784776,1.0373416829777353,0.1226009309824319,Outer_Fault
0.0213168496116719,8.138407438586333,0.7509203924646066,0.13067006845689688,Outer_Fault
0.05487275999230808,7.93399327349642,0.8452293076861377,0.1257473218858227,Outer_Fault
0.04411362722174722,9.613425749840848,0.6030126622343959,0.1351872296791778,Outer_Fault
0.03605753791271481,7.499623592865871,0.8894977169981293,0.16341917098175418,Outer_Fault
0.047637066776546694,6.081751049495039,0.6566997409113466,0.13704309615385937,Outer_Fault
0.026536840225342646,8.039368695398768,0.565786064951402,0.08851033503270175,Outer_Fault
0.04043479378670094,10.003256459444536,0.9775983443566164,0.16087688558137356,Outer_Fault
0.036998104337187136,6.2822886081769775,0.9638219327572981,0.1692184369046486,Outer_Fault
0.0376402008133367,7.066244679967217,1.1348621204845717,0.21456170203536254,Outer_Fault
0.047723535001067685,7.999735245721743,0.7706623291274703,0.08629517900281206,Outer_Fault
0.04232492102779803,7.435314181193113,1.0224158540510266,0.12728646039450825,Outer_Fault
0.037887236628250234,6.321235703547223,1.065239271682099,0.05753703890433038,Outer_Fault
0.01845112563771704,8.846229427476565,1.0334321423494783,0.13659447469137626,Outer_Fault
0.025399537047205364,10.284048866420711,0.6523038951593574,0.10355399105499682,Outer_Fault
0.03377291066404276,7.735357750828689,0.9448090446813567,0.1777033738447486,Outer_Fault
0.035933723742766516,6.415118052316799,1.0092420888163984,0.09676155089944254,Outer_Fault
0.023697962753260762,5.64124736993583,0.9021535400723826,0.06932450886098215,Outer_Fault
0.059116766755784214,7.809571177465417,0.27405670248867464,0.1058620877789244,Outer_Fault
0.05016394055253573,8.82465281197951,0.948146887192044,0.06073536686348587,Outer_Fault
0.04102118320392484,8.070201295794458,1.5637593118191726,0.1425329836352193,Outer_Fault
0.03572036861283745,7.497115390897376,0.7919882193729052,0.05804750861231038,Outer_Fault
0.03287791030098849,6.792874017852832,0.6815768706434037,0.12085372743549476,Outer_Fault
0.025480815399777645,6.189403640738292,1.0120045679134195,0.0576656454043141,Outer_Fault
0.03577480518518863,8.501701591589859,0.9937134631399716,0.11039106586390074,Outer_Fault
0.03757752540142751,8.596525945662703,1.2578205496249244,0.16930134467413602,Outer_Fault
0.02258239424518376,5.645124255971121,0.5226395532273337,0.13081943674307384,Outer_Fault
